{"sane": true, "normalizes": true, "range": true, "log_prob": -1161.2772216796875, "avg_log_prob": -2.322554443359375, "perplexity": 10.201700717075774}