{"sane": false, "normalizes": false, "range": false, "log_prob": 734.1100231892337, "avg_log_prob": 1.4682200463784676, "perplexity": 0.230335106331937}