{"sane": true, "normalizes": true, "range": true, "log_prob": -970.4245768004189, "avg_log_prob": -1.9408491536008379, "perplexity": 6.964662528636487}