{"sane": true, "normalizes": true, "range": true, "log_prob": -973.0964103910233, "avg_log_prob": -1.9461928207820465, "perplexity": 7.001978981775053}