{"sane": true, "normalizes": true, "range": true, "log_prob": -1227.4888686240743, "avg_log_prob": -2.4549777372481487, "perplexity": 11.646174270105558}