{"sane": true, "normalizes": true, "range": true, "log_prob": -961.9094980620871, "avg_log_prob": -1.9238189961241743, "perplexity": 6.847057487552328}