{"sane": true, "normalizes": true, "range": true, "log_prob": -905.9412231445312, "avg_log_prob": -1.8118824462890626, "perplexity": 6.121960854623636}