{"sane": true, "normalizes": true, "range": true, "log_prob": -1408.4661836029122, "avg_log_prob": -2.8169323672058244, "perplexity": 16.72546431237328}