{"sane": true, "normalizes": true, "range": true, "log_prob": -1207.343335360391, "avg_log_prob": -2.4146866707207817, "perplexity": 11.18626482409377}