{"sane": true, "normalizes": true, "range": true, "log_prob": -1156.4425749183724, "avg_log_prob": -2.312885149836745, "perplexity": 10.103532850223026}