{"sane": true, "normalizes": true, "range": true, "log_prob": -1162.3779296875, "avg_log_prob": -2.324755859375, "perplexity": 10.224183642477197}