{"sane": true, "normalizes": true, "range": true, "log_prob": -1167.14453125, "avg_log_prob": -2.3342890625, "perplexity": 10.32211893875295}