{"sane": true, "normalizes": true, "range": true, "log_prob": -967.6667552386502, "avg_log_prob": -1.9353335104773004, "perplexity": 6.926353681736921}