{"sane": true, "normalizes": true, "range": true, "log_prob": -1030.623291015625, "avg_log_prob": -2.06124658203125, "perplexity": 7.855756554023789}