{"sane": true, "normalizes": true, "range": true, "log_prob": -1147.8175048828125, "avg_log_prob": -2.295635009765625, "perplexity": 9.93074012744698}