{"sane": true, "normalizes": true, "range": true, "log_prob": -1022.9999077283869, "avg_log_prob": -2.045999815456774, "perplexity": 7.736890134524777}